scenario,mode,run,launch_to_present_ms,entry_to_present_ms,process_entry_ms,sky_cpu_ms,engine_new_ms,vk_create_instance_ms,shader_total_ms,parallel_batch_ms,raster_pipelines_ms,compute_pipeline_ms,sky_upload_ms,world_prepare_ms,after_prepare_ms,gpu_completion_after_present_ms,present_accepted
debug-baseline,single,0,2526.578,2277.598,248.979,52.477,1084.764,969.868,870.627,0,199.635,13.792,21.583,1104.451,37.787,1.042,not_instrumented
debug-baseline,single,1,1254.599,1223.404,31.195,56.403,202.58,123.675,888.549,0,40.898,13.621,21.526,962.951,37.971,1.209,not_instrumented
debug-baseline,single,2,1165.236,1120.171,45.065,52.35,229.935,147.274,750.442,0,39.55,13.624,21.521,823.55,37.771,1.139,not_instrumented
debug-baseline,single,3,1198.997,1167.457,31.54,54.693,195.7,125.214,848.693,0,39.834,13.605,21.097,915.051,36.311,1.087,not_instrumented
debug-baseline,single,4,1234.329,1201.907,32.422,54.233,195.271,124.317,876.164,0,39.725,13.891,21.374,949.649,36.612,1.025,not_instrumented
debug-baseline,single,5,1276.283,1219.537,56.747,54.018,278.101,176.551,782.101,0,41.289,14.027,20.884,855.833,38.457,1.262,not_instrumented
debug-baseline,single,6,1388.645,1352.045,36.599,72.373,221.373,130.935,976.566,0,59.224,13.807,21.269,1069.208,36.99,1.058,not_instrumented
debug-baseline,single,7,1246.62,1209.585,37.035,52.499,318.585,229.785,756.702,0,40.577,13.712,21.208,830.281,37.437,1.123,not_instrumented
debug-cold-assets,single,0,8486.237,8456.825,29.413,8120.215,194.457,123.856,0.705,0,42.236,13.766,76.839,8203.907,38.288,2.886,not_instrumented
debug-cold-baseline,single,0,9664.974,9569.856,95.117,8292.758,1081.113,950.625,845.457,0,204.157,13.799,101.943,8401.196,38.861,4.616,not_instrumented
debug-control,single,0,1143.158,1103.15,40.008,51.908,224.319,129.221,741.1,0,39.277,13.702,19.768,815.364,36.233,1.086,not_instrumented
debug-control,single,1,1156.634,1125.438,31.196,52.706,197.199,126.249,796.0,0,39.651,13.721,19.565,870.474,37.914,1.07,not_instrumented
debug-control,single,2,1124.055,1093.047,31.008,53.502,193.954,124.267,769.018,0,39.042,13.628,20.036,842.822,36.054,1.065,not_instrumented
debug-control,single,3,1141.909,1111.708,30.201,52.064,232.85,160.863,737.238,0,45.533,13.572,20.467,811.942,46.996,1.357,not_instrumented
debug-no-validation,single,0,1125.98,1089.949,36.031,52.911,197.49,130.107,766.75,0,39.148,13.419,20.75,839.116,31.659,1.049,not_instrumented
debug-no-validation,single,1,1180.895,1099.698,81.197,52.542,194.981,130.769,762.711,0,38.234,13.353,19.96,827.502,28.337,0.942,not_instrumented
debug-no-validation,single,2,1201.087,1165.581,35.506,54.401,181.731,121.402,858.277,0,39.07,14.343,19.889,933.53,29.43,1.002,not_instrumented
debug-no-validation,single,3,1159.243,1129.603,29.64,54.927,183.774,122.27,821.745,0,38.677,13.383,20.585,894.684,30.86,0.906,not_instrumented
debug-no-validation,single,4,1173.577,1144.885,28.692,52.087,263.417,196.569,758.754,0,38.857,13.379,19.691,831.665,29.221,0.994,not_instrumented
debug-no-validation,single,5,1204.198,1173.714,30.485,53.245,186.471,125.01,860.849,0,39.071,13.365,20.233,933.91,32.65,0.973,not_instrumented
debug-optimized-shaders,single,0,1124.393,1093.397,30.997,52.002,191.408,120.685,786.157,0,35.523,11.8,20.097,848.746,32.981,1.031,not_instrumented
debug-optimized-shaders,single,1,1123.9,1093.033,30.867,52.519,195.821,126.825,781.308,0,35.148,11.684,19.441,843.334,33.235,1.177,not_instrumented
debug-optimized-shaders,single,2,1158.047,1127.325,30.722,53.28,189.435,121.136,813.367,0,34.996,11.666,19.779,883.37,34.207,1.119,not_instrumented
debug-optimized-shaders,single,3,1115.2,1085.319,29.881,51.831,209.049,134.687,743.235,0,35.371,13.641,20.132,816.006,35.194,1.109,not_instrumented
debug-parallel-shaders,single,0,1940.01,1678.513,261.498,54.029,1078.715,966.792,1286.757,287.554,200.678,13.298,20.841,514.341,37.173,1.121,not_instrumented
debug-parallel-shaders,single,1,697.406,665.867,31.538,75.342,262.143,158.998,1113.788,275.524,45.134,14.785,21.066,344.75,38.987,1.265,not_instrumented
debug-parallel-shaders,single,2,677.871,644.144,33.726,84.802,200.334,128.201,1321.75,303.888,48.894,18.186,21.858,382.096,41.59,1.437,not_instrumented
debug-parallel-shaders,single,3,648.563,608.397,40.166,64.728,209.927,132.482,1045.732,263.139,49.277,13.481,19.86,337.58,35.587,1.116,not_instrumented
debug-parallel-shaders,single,4,647.551,577.541,70.009,60.014,228.723,156.307,923.423,222.592,41.076,13.203,20.249,289.303,34.153,1.099,not_instrumented
debug-parallel-shaders,single,5,553.564,519.992,33.572,56.335,196.381,120.718,893.061,203.625,39.781,13.0,20.513,269.034,34.166,1.131,not_instrumented
debug-shader-cache,single,0,2472.45,2254.284,218.166,52.173,1084.02,969.574,846.472,0,201.254,14.338,21.004,1083.418,37.624,1.019,not_instrumented
debug-shader-cache,single,1,383.954,353.289,30.665,53.981,204.84,125.796,0.897,0,43.646,14.763,21.613,89.95,37.425,1.078,not_instrumented
debug-shader-cache,single,2,425.938,395.475,30.464,52.526,258.504,185.974,0.761,0,42.173,14.255,22.223,80.52,36.126,1.167,not_instrumented
debug-shader-cache,single,3,374.262,343.817,30.445,53.71,197.502,122.811,0.852,0,42.79,14.909,21.475,90.692,34.947,1.123,not_instrumented
debug-shader-cache,single,4,402.902,364.02,38.882,52.894,212.566,137.143,0.742,0,41.111,14.408,20.332,87.085,34.648,1.054,not_instrumented
debug-shader-cache,single,5,380.279,350.805,29.474,53.243,203.373,125.029,0.767,0,42.244,14.305,22.331,91.121,35.521,1.366,not_instrumented
debug-shader-cache,single,6,426.687,345.198,81.489,52.446,193.28,122.782,0.699,0,40.77,14.152,21.083,88.455,35.184,1.115,not_instrumented
debug-shader-cache,single,7,373.481,340.981,32.5,52.8,194.84,123.606,0.817,0,41.89,14.444,21.613,90.225,35.112,1.1,not_instrumented
paired,baseline,0,2590.792,2335.465,255.326,53.054,1150.922,998.148,846.646,0,201.952,13.908,21.111,1085.057,37.837,1.336,accepted
paired,cache,1,379.587,343.354,36.233,53.041,198.639,124.307,0.791,0,42.323,14.537,21.413,87.815,36.379,1.145,accepted
paired,parallel,2,670.134,638.447,31.687,57.803,196.366,123.002,1334.281,317.937,41.352,13.133,20.111,383.705,37.258,1.619,accepted
paired,baseline,3,1194.127,1161.66,32.467,54.709,199.577,124.36,798.788,0,78.887,13.568,20.661,904.822,36.891,0.991,accepted
paired,cache,4,416.419,383.142,33.277,81.689,202.244,122.067,1.463,0,57.924,21.38,24.407,123.484,36.441,1.123,accepted
paired,parallel,5,578.701,546.968,31.733,58.976,197.287,123.853,948.222,227.647,40.089,13.297,20.713,294.102,34.546,1.08,accepted
paired,baseline,6,1159.531,1086.884,72.647,52.867,194.735,123.777,758.42,0,39.62,13.528,20.554,832.806,38.303,1.119,accepted
paired,cache,7,361.969,329.947,32.021,52.796,193.691,122.202,0.768,0,41.957,14.261,21.346,81.347,34.127,1.056,accepted
paired,parallel,8,636.71,604.549,32.162,57.457,263.551,163.351,933.456,215.057,40.278,13.246,22.914,283.245,36.509,1.217,accepted
paired,baseline,9,1168.572,1136.561,32.011,55.547,196.292,122.885,804.99,0,40.347,13.773,20.159,881.413,38.237,1.324,accepted
paired,cache,10,416.245,384.585,31.66,52.08,241.283,170.85,0.756,0,41.311,14.381,20.962,88.729,34.413,1.14,accepted
paired,parallel,11,575.714,545.192,30.522,58.286,197.524,122.749,965.395,216.714,46.94,13.271,21.069,283.99,44.129,1.272,accepted
paired,baseline,12,1179.509,1149.996,29.513,52.481,200.36,127.14,814.937,0,39.9,13.915,19.901,890.271,37.539,1.158,accepted
paired,cache,13,386.426,353.365,33.061,53.942,203.624,127.559,0.713,0,42.242,14.448,21.487,90.959,37.147,1.053,accepted
paired,parallel,14,650.034,566.554,83.48,59.264,216.603,138.753,970.481,218.729,39.797,13.356,20.405,283.272,34.845,1.05,accepted
paired,baseline,15,1230.086,1195.708,34.378,72.622,291.302,159.532,766.478,0,40.76,13.598,20.695,843.641,37.995,1.134,accepted
paired,cache,16,372.39,341.594,30.796,52.782,196.153,125.813,0.738,0,43.993,14.183,22.356,90.617,34.534,1.157,accepted
paired,parallel,17,663.404,633.09,30.314,58.498,202.185,125.83,1403.275,306.926,40.437,14.763,20.642,374.846,34.461,0.992,accepted
